<ol>
    <li>
        <a href="http://news.bbc.co.uk/rss/newsonline_world_edition/africa/rss091.xml">Africa</a>
    </li>
    <li>
        <a href="http://news.bbc.co.uk/rss/newsonline_world_edition/americas/rss091.xml">Americas</a>
    </li>
    <li>
        <a href="http://news.bbc.co.uk/rss/newsonline_world_edition/asia-pacific/rss091.xml">Asia-Pacific</a>
    </li>
    <li>
        <a href="http://news.bbc.co.uk/rss/newsonline_world_edition/business/e-commerce/rss091.xml">E-commerce</a>
    </li>
    <li>
        <a href="http://news.bbc.co.uk/rss/newsonline_world_edition/business/economy/rss091.xml">Economy</a>
    </li>
    <li>
        <a href="http://news.bbc.co.uk/rss/newsonline_world_edition/business/rss091.xml">Business</a>
    </li>
    <li>
        <a href="http://news.bbc.co.uk/rss/newsonline_world_edition/entertainment/rss091.xml">Entertainment</a>
    </li>
    <li>
        <a href="http://news.bbc.co.uk/rss/newsonline_world_edition/europe/rss091.xml">Europe</a>
    </li>
    <li>
        <a href="http://news.bbc.co.uk/rss/newsonline_world_edition/front_page/rss091.xml">Front page</a>
    </li>
    <li>
        <a href="http://news.bbc.co.uk/rss/newsonline_world_edition/health/medical_notes/rss091.xml">Medical Notes</a>
    </li>
    <li>
        <a href="http://news.bbc.co.uk/rss/newsonline_world_edition/health/rss091.xml">Health</a>
    </li>
    <li>
        <a href="http://news.bbc.co.uk/rss/newsonline_world_edition/in_depth/europe/2003/inside_europe/rss091.xml">Inside Europe</a>
    </li>
    <li>
        <a href="http://news.bbc.co.uk/rss/newsonline_world_edition/in_depth/middle_east/2001/israel_and_the_palestinians/rss091.xml">Israel and the Palestinians</a>
    </li>
    <li>
        <a href="http://news.bbc.co.uk/rss/newsonline_world_edition/in_depth/middle_east/2002/conflict_with_iraq/rss091.xml">Conflict with Iraq</a>
    </li>
    <li>
        <a href="http://news.bbc.co.uk/rss/newsonline_world_edition/in_depth/uk/2001/uk_and_the_euro/rss091.xml">UK and the Euro</a>
    </li>
    <li>
        <a href="http://news.bbc.co.uk/rss/newsonline_world_edition/in_depth/world/2001/war_on_terror/rss091.xml">War on Terrorism</a>
    </li>
    <li>
        <a href="http://news.bbc.co.uk/rss/newsonline_world_edition/middle_east/rss091.xml">Middle East</a>
    </li>
    <li><a
            href="http://news.bbc.co.uk/rss/newsonline_uk_edition/programmes/rss091.xml">
    UK Programs</a</li>
    <li>
        <a
            href="http://news.bbc.co.uk/rss/newsonline_world_edition/programmes/rss091.xml">World
        Programmes</a>
    </li>
    <li>
        <a href="http://news.bbc.co.uk/rss/newsonline_world_edition/science/nature/rss091.xml">Nature</a>
    </li>
    <li>
        <a href="http://news.bbc.co.uk/rss/newsonline_world_edition/south_asia/rss091.xml">South Asia</a>
    </li>
    <li>
        <a href="http://news.bbc.co.uk/rss/newsonline_world_edition/talking_point/rss091.xml">Talking Point</a>
    </li>
    <li>
        <a href="http://news.bbc.co.uk/rss/newsonline_world_edition/technology/rss091.xml">Technology</a>
    </li>
    <li>
        <a href="http://news.bbc.co.uk/rss/newsonline_world_edition/uk_news/education/rss091.xml">Education</a>
    </li>
    <li>
        <a href="http://news.bbc.co.uk/rss/newsonline_world_edition/uk_news/england/rss091.xml">England</a>
    </li>
    <li>
        <a href="http://news.bbc.co.uk/rss/newsonline_world_edition/uk_news/northern_ireland/rss091.xml">Northern Ireland</a>
    </li>
    <li>
        <a href="http://news.bbc.co.uk/rss/newsonline_world_edition/uk_news/politics/rss091.xml">Politics</a>
    </li>
    <li>
        <a href="http://news.bbc.co.uk/rss/newsonline_world_edition/uk_news/rss091.xml">UK News</a>
    </li>
    <li>
        <a href="http://news.bbc.co.uk/rss/newsonline_world_edition/uk_news/scotland/rss091.xml">Scotland</a>
    </li>
    <li>
        <a href="http://news.bbc.co.uk/rss/newsonline_world_edition/uk_news/wales/rss091.xml">Wales</a>
    </li>
    <li><a href="http://news.bbc.co.uk/rss/sportonline_world_edition/front_page/rss091.xml">Sports</a></li>
</ol>
