<?xml version="1.0"?>
<!DOCTYPE html PUBLIC "-//W3C//DTD XHTML 1.0 Transitional//EN"
    "http://www.w3.org/TR/xhtml1/DTD/xhtml1-transitional.dtd">
<html xmlns="http://www.w3.org/1999/xhtml">
  <head>
    <meta name="generator"
    content="HTML Tidy for Linux/x86 (vers 1st October 2002), see www.w3.org" />
    <title>Lookup Flights</title>
    <style type="text/css">
    /*<![CDATA[*/
 span.c1 {color: #003399}
    /*]]>*/
            </style>
  </head>
  <body>
    <form
    action="http://tracker.flightview.com/fvAirwise/fvCPL.exe"
    method="get">
      <input type="hidden" name="qtype" value="htm" /> Departure
      Airport: <select name="DepAp" size="1">
        <option value="-1" selected="selected">
          Select Departure City
        </option>
        <option value="ALB">
          Albany, NY - ALB
        </option>
        <option value="ABQ">
          Albuquerque, NM - ABQ
        </option>
        <option value="AMA">
          Amarillo, TX - AMA
        </option>
        <option value="ANC">
          Anchorage, AK - ANC
        </option>
        <option value="ATL">
          Atlanta, GA - ATL
        </option>
        <option value="AUS">
          Austin, TX - AUS
        </option>
        <option value="BWI">
          Baltimore, MD - BWI
        </option>
        <option value="BHM">
          Birmingham, AL - BHM
        </option>
        <option value="BMI">
          Bloomington, IL - BMI
        </option>
        <option value="BOI">
          Boise, ID - BOI
        </option>
        <option value="BOS">
          Boston, MA - BOS
        </option>
        <option value="BUF">
          Buffalo, NY - BUF
        </option>
        <option value="BUR">
          Burbank, CA - BUR
        </option>
        <option value="CHS">
          Charleston, SC - CHS
        </option>
        <option value="CLT">
          Charlotte, NC - CLT
        </option>
        <option value="MDW">
          Chicago(Midway), IL - MDW
        </option>
        <option value="ORD">
          Chicago(O'Hare), IL - ORD
        </option>
        <option value="CVG">
          Cincinnati, OH - CVG
        </option>
        <option value="CLE">
          Cleveland, OH - CLE
        </option>
        <option value="COS">
          Colorado Springs, CO - COS
        </option>
        <option value="CAE">
          Columbia, SC - CAE
        </option>
        <option value="CMH">
          Columbus, OH - CMH
        </option>
        <option value="CRP">
          Corpus Christi, TX - CRP
        </option>
        <option value="DAL">
          Dallas(Love Field), TX - DAL
        </option>
        <option value="DFW">
          Dallas/Ft. Worth, TX - DFW
        </option>
        <option value="DAY">
          Dayton, OH - DAY
        </option>
        <option value="DEN">
          Denver, CO - DEN
        </option>
        <option value="DSM">
          Des Moines, IA - DSM
        </option>
        <option value="DTW">
          Detroit, MI - DTW
        </option>
        <option value="EIDW">
          Dublin, Ireland - EIDW
        </option>
        <option value="CYEG">
          Edmonton, Canada - CYEG
        </option>
        <option value="ELP">
          El Paso, TX - ELP
        </option>
        <option value="FLL">
          Ft. Lauderdale, FL - FLL
        </option>
        <option value="GRR">
          Grand Rapids, MI - GRR
        </option>
        <option value="GSO">
          Greensboro, NC - GSO
        </option>
        <option value="CYHZ">
          Halifax, Canada - CYHZ
        </option>
        <option value="HRL">
          Harlingen/S Padre Island, TX - HRL
        </option>
        <option value="BDL">
          Hartford, CT - BDL
        </option>
        <option value="ITO">
          Hilo, HI - ITO
        </option>
        <option value="HNL">
          Honolulu, HI - HNL
        </option>
        <option value="IAH">
          Houston(Intercontinental), TX - IAH
        </option>
        <option value="HOU">
          Houston(William P. Hobby),TX - HOU
        </option>
        <option value="HSV">
          Huntsville International, AL - HSV
        </option>
        <option value="IND">
          Indianapolis, IN - IND
        </option>
        <option value="ISP">
          Islip, NY - ISP
        </option>
        <option value="JAN">
          Jackson Intl., MS - JAN
        </option>
        <option value="JAX">
          Jacksonville, FL - JAX
        </option>
        <option value="OGG">
          Kahului, Maui, HI - OGG
        </option>
        <option value="KOA">
          Kailua-Kona, HI - KOA
        </option>
        <option value="MCI">
          Kansas City, MO - MCI
        </option>
        <option value="TYS">
          Knoxville, TN - TYS
        </option>
        <option value="TVL">
          Lake Tahoe, NV - TVL
        </option>
        <option value="LAS">
          Las Vegas, NV - LAS
        </option>
        <option value="LIH">
          Lihue, Kauai, HI - LIH
        </option>
        <option value="LIT">
          Little Rock, AR - LIT
        </option>
        <option value="EGLL">
          London (Heathrow), UK - EGLL
        </option>
        <option value="EGKK">
          London(Gatwick), UK - EGKK
        </option>
        <option value="LAX">
          Los Angeles, CA - LAX
        </option>
        <option value="SDF">
          Louisville, KY - SDF
        </option>
        <option value="LBB">
          Lubbock, TX - LBB
        </option>
        <option value="MHT">
          Manchester, NH - MHT
        </option>
        <option value="MEM">
          Memphis, TN - MEM
        </option>
        <option value="MIA">
          Miami, FL - MIA
        </option>
        <option value="MAF">
          Midland, TX - MAF
        </option>
        <option value="MKE">
          Milwaukee, WI - MKE
        </option>
        <option value="MSP">
          Minneapolis/St. Paul, MN - MSP
        </option>
        <option value="CYUL">
          Montreal, Canada - CYUL
        </option>
        <option value="BNA">
          Nashville, TN - BNA
        </option>
        <option value="MSY">
          New Orleans, LA - MSY
        </option>
        <option value="LGA">
          New York(Laguardia), NY - LGA
        </option>
        <option value="EWR">
          Newark, NJ - EWR
        </option>
        <option value="JFK">
          NewYork(JFK), NY - JFK
        </option>
        <option value="ORF">
          Norfolk, VA - ORF
        </option>
        <option value="OAK">
          Oakland, CA - OAK
        </option>
        <option value="OKC">
          Oklahoma City, OK - OKC
        </option>
        <option value="OMA">
          Omaha, NE - OMA
        </option>
        <option value="ONT">
          Ontario, Canada - ONT
        </option>
        <option value="SNA">
          Orange County, CA - SNA
        </option>
        <option value="MCO">
          Orlando, FL - MCO
        </option>
        <option value="CYOW">
          Ottawa, Canada - CYOW
        </option>
        <option value="LFPG">
          Paris, France - LFPG
        </option>
        <option value="PHL">
          Philadelphia, PA - PHL
        </option>
        <option value="PHX">
          Phoenix, AZ - PHX
        </option>
        <option value="PIT">
          Pittsburgh, PA - PIT
        </option>
        <option value="PDX">
          Portland, OR - PDX
        </option>
        <option value="PVD">
          Providence, RI - PVD
        </option>
        <option value="RDU">
          Raleigh/Durham, NC - RDU
        </option>
        <option value="RNO">
          Reno, NV - RNO
        </option>
        <option value="RIC">
          Richmond, VA - RIC
        </option>
        <option value="ROC">
          Rochester, NY - ROC
        </option>
        <option value="SMF">
          Sacramento, CA - SMF
        </option>
        <option value="SLC">
          Salt Lake City, UT - SLC
        </option>
        <option value="SAT">
          San Antonio, TX - SAT
        </option>
        <option value="SAN">
          San Diego, CA - SAN
        </option>
        <option value="SFO">
          San Francisco, CA - SFO
        </option>
        <option value="SJC">
          San Jose, CA - SJC
        </option>
        <option value="TJSJ">
          San Juan, PR - TJSJ
        </option>
        <option value="SRQ">
          Sarasota, FL - SRQ
        </option>
        <option value="SAV">
          Savannah, GA - SAV
        </option>
        <option value="SEA">
          Seattle/Tacoma, WA - SEA
        </option>
        <option value="GEG">
          Spokane, WA - GEG
        </option>
        <option value="STL">
          St. Louis, MO - STL
        </option>
        <option value="SUN">
          Sun Valley, ID - SUN
        </option>
        <option value="SYR">
          Syracuse, NY - SYR
        </option>
        <option value="TPA">
          Tampa, FL - TPA
        </option>
        <option value="CYYZ">
          Toronto, Canada - CYYZ
        </option>
        <option value="TUS">
          Tucson, AZ - TUS
        </option>
        <option value="TUL">
          Tulsa, OK - TUL
        </option>
        <option value="CYVR">
          Vancouver, Canada - CYVR
        </option>
        <option value="IAD">
          Washington(Dulles Int'l), DC - IAD
        </option>
        <option value="DCA">
          Washington(National), DC - DCA
        </option>
        <option value="PBI">
          West Palm Beach, FL - PBI
        </option>
        <option value="HPN">
          White Plains, NY - HPN
        </option>
        <option value="ICT">
          Wichita, KS - ICT
        </option>
      </select> Departure Time: <select name="DepHr" size="1">
        <option value="-1" selected="selected">
          Select Departure Time
        </option>
        <option value="-1">
          I don't know the departure time
        </option>
        <option value="06">
          6:00 AM
        </option>
        <option value="07">
          7:00 AM
        </option>
        <option value="08">
          8:00 AM
        </option>
        <option value="09">
          9:00 AM
        </option>
        <option value="10">
          10:00 AM
        </option>
        <option value="11">
          11:00 AM
        </option>
        <option value="12">
          12:00 PM
        </option>
        <option value="13">
          1:00 PM
        </option>
        <option value="14">
          2:00 PM
        </option>
        <option value="15">
          3:00 PM
        </option>
        <option value="16">
          4:00 PM
        </option>
        <option value="17">
          5:00 PM
        </option>
        <option value="18">
          6:00 PM
        </option>
        <option value="19">
          7:00 PM
        </option>
        <option value="20">
          8:00 PM
        </option>
        <option value="21">
          9:00 PM
        </option>
        <option value="22">
          10:00 PM
        </option>
        <option value="23">
          11:00 PM
        </option>
        <option value="0">
          12:00 AM
        </option>
        <option value="01">
          1:00 AM
        </option>
        <option value="02">
          2:00 AM
        </option>
        <option value="03">
          3:00 AM
        </option>
        <option value="04">
          4:00 AM
        </option>
        <option value="05">
          5:00 AM
        </option>
      </select><br />
      Arrival Airport:<select name="ArrAp" size="1">
        <option value="-1" selected="selected">
          Select Arrival City
        </option>
        <option value="ALB">
          Albany, NY - ALB
        </option>
        <option value="ABQ">
          Albuquerque, NM - ABQ
        </option>
        <option value="AMA">
          Amarillo, TX - AMA
        </option>
        <option value="ANC">
          Anchorage, AK - ANC
        </option>
        <option value="ATL">
          Atlanta, GA - ATL
        </option>
        <option value="AUS">
          Austin, TX - AUS
        </option>
        <option value="BWI">
          Baltimore, MD - BWI
        </option>
        <option value="BHM">
          Birmingham, AL - BHM
        </option>
        <option value="BMI">
          Bloomington, IL - BMI
        </option>
        <option value="BOI">
          Boise, ID - BOI
        </option>
        <option value="BOS">
          Boston, MA - BOS
        </option>
        <option value="BUF">
          Buffalo, NY - BUF
        </option>
        <option value="BUR">
          Burbank, CA - BUR
        </option>
        <option value="CHS">
          Charleston, SC - CHS
        </option>
        <option value="CLT">
          Charlotte, NC - CLT
        </option>
        <option value="MDW">
          Chicago(Midway), IL - MDW
        </option>
        <option value="ORD">
          Chicago(O'Hare), IL - ORD
        </option>
        <option value="CVG">
          Cincinnati, OH - CVG
        </option>
        <option value="CLE">
          Cleveland, OH - CLE
        </option>
        <option value="COS">
          Colorado Springs, CO - COS
        </option>
        <option value="CAE">
          Columbia, SC - CAE
        </option>
        <option value="CMH">
          Columbus, OH - CMH
        </option>
        <option value="CRP">
          Corpus Christi, TX - CRP
        </option>
        <option value="DAL">
          Dallas(Love Field), TX - DAL
        </option>
        <option value="DFW">
          Dallas/Ft. Worth, TX - DFW
        </option>
        <option value="DAY">
          Dayton, OH - DAY
        </option>
        <option value="DEN">
          Denver, CO - DEN
        </option>
        <option value="DSM">
          Des Moines, IA - DSM
        </option>
        <option value="DTW">
          Detroit, MI - DTW
        </option>
        <option value="EIDW">
          Dublin, Ireland - EIDW
        </option>
        <option value="CYEG">
          Edmonton, Canada - CYEG
        </option>
        <option value="ELP">
          El Paso, TX - ELP
        </option>
        <option value="FLL">
          Ft. Lauderdale, FL - FLL
        </option>
        <option value="GRR">
          Grand Rapids, MI - GRR
        </option>
        <option value="GSO">
          Greensboro, NC - GSO
        </option>
        <option value="CYHZ">
          Halifax, Canada - CYHZ
        </option>
        <option value="HRL">
          Harlingen/S Padre Island, TX - HRL
        </option>
        <option value="BDL">
          Hartford, CT - BDL
        </option>
        <option value="ITO">
          Hilo, HI - ITO
        </option>
        <option value="HNL">
          Honolulu, HI - HNL
        </option>
        <option value="IAH">
          Houston(Intercontinental), TX - IAH
        </option>
        <option value="HOU">
          Houston(William P. Hobby),TX - HOU
        </option>
        <option value="HSV">
          Huntsville International, AL - HSV
        </option>
        <option value="IND">
          Indianapolis, IN - IND
        </option>
        <option value="ISP">
          Islip, NY - ISP
        </option>
        <option value="JAN">
          Jackson Intl., MS - JAN
        </option>
        <option value="JAX">
          Jacksonville, FL - JAX
        </option>
        <option value="OGG">
          Kahului, Maui, HI - OGG
        </option>
        <option value="KOA">
          Kailua-Kona, HI - KOA
        </option>
        <option value="MCI">
          Kansas City, MO - MCI
        </option>
        <option value="TYS">
          Knoxville, TN - TYS
        </option>
        <option value="TVL">
          Lake Tahoe, NV - TVL
        </option>
        <option value="LAS">
          Las Vegas, NV - LAS
        </option>
        <option value="LIH">
          Lihue, Kauai, HI - LIH
        </option>
        <option value="LIT">
          Little Rock, AR - LIT
        </option>
        <option value="EGLL">
          London (Heathrow), England - EGLL
        </option>
        <option value="EGKK">
          London(Gatwick), England - EGKK
        </option>
        <option value="LAX">
          Los Angeles, CA - LAX
        </option>
        <option value="SDF">
          Louisville, KY - SDF
        </option>
        <option value="LBB">
          Lubbock, TX - LBB
        </option>
        <option value="MHT">
          Manchester, NH - MHT
        </option>
        <option value="MEM">
          Memphis, TN - MEM
        </option>
        <option value="MIA">
          Miami, FL - MIA
        </option>
        <option value="MAF">
          Midland, TX - MAF
        </option>
        <option value="MKE">
          Milwaukee, WI - MKE
        </option>
        <option value="MSP">
          Minneapolis/St. Paul, MN - MSP
        </option>
        <option value="CYUL">
          Montreal, Canada - CYUL
        </option>
        <option value="BNA">
          Nashville, TN - BNA
        </option>
        <option value="MSY">
          New Orleans, LA - MSY
        </option>
        <option value="JFK">
          New York(JFK), NY - JFK
        </option>
        <option value="LGA">
          New York(Laguardia), NY - LGA
        </option>
        <option value="EWR">
          Newark, NJ - EWR
        </option>
        <option value="ORF">
          Norfolk, VA - ORF
        </option>
        <option value="OAK">
          Oakland, CA - OAK
        </option>
        <option value="OKC">
          Oklahoma City, OK - OKC
        </option>
        <option value="OMA">
          Omaha, NE - OMA
        </option>
        <option value="ONT">
          Ontario, Canada - ONT
        </option>
        <option value="SNA">
          Orange County, CA - SNA
        </option>
        <option value="MCO">
          Orlando, FL - MCO
        </option>
        <option value="CYOW">
          Ottawa, Canada - CYOW
        </option>
        <option value="LFPG">
          Paris, France - LFPG
        </option>
        <option value="PHL">
          Philadelphia, PA - PHL
        </option>
        <option value="PHX">
          Phoenix, AZ - PHX
        </option>
        <option value="PIT">
          Pittsburgh, PA - PIT
        </option>
        <option value="PDX">
          Portland, OR - PDX
        </option>
        <option value="PVD">
          Providence, RI - PVD
        </option>
        <option value="RDU">
          Raleigh/Durham, NC - RDU
        </option>
        <option value="RNO">
          Reno, NV - RNO
        </option>
        <option value="RIC">
          Richmond, VA - RIC
        </option>
        <option value="ROC">
          Rochester, NY - ROC
        </option>
        <option value="SMF">
          Sacramento, CA - SMF
        </option>
        <option value="SLC">
          Salt Lake City, UT - SLC
        </option>
        <option value="SAT">
          San Antonio, TX - SAT
        </option>
        <option value="SAN">
          San Diego, CA - SAN
        </option>
        <option value="SFO">
          San Francisco, CA - SFO
        </option>
        <option value="SJC">
          San Jose, CA - SJC
        </option>
        <option value="TJSJ">
          San Juan, PR - TJSJ
        </option>
        <option value="SRQ">
          Sarasota, FL - SRQ
        </option>
        <option value="SAV">
          Savannah, GA - SAV
        </option>
        <option value="SEA">
          Seattle/Tacoma, WA - SEA
        </option>
        <option value="GEG">
          Spokane, WA - GEG
        </option>
        <option value="STL">
          St. Louis, MO - STL
        </option>
        <option value="SUN">
          Sun Valley, ID - SUN
        </option>
        <option value="SYR">
          Syracuse, NY - SYR
        </option>
        <option value="TPA">
          Tampa, FL - TPA
        </option>
        <option value="CYYZ">
          Toronto, Canada - CYYZ
        </option>
        <option value="TUS">
          Tucson, AZ - TUS
        </option>
        <option value="TUL">
          Tulsa, OK - TUL
        </option>
        <option value="CYVR">
          Vancouver, Canada - CYVR
        </option>
        <option value="IAD">
          Washington(Dulles Int'l), DC - IAD
        </option>
        <option value="DCA">
          Washington(National), DC - DCA
        </option>
        <option value="PBI">
          West Palm Beach, FL - PBI
        </option>
        <option value="HPN">
          White Plains, NY - HPN
        </option>
        <option value="ICT">
          Wichita, KS - ICT
        </option>
      </select> Arrival Time: <select name="ArrHr" size="1">
        <option value="-1" selected="selected">
          Select Arrival Time
        </option>
        <option value="-1">
          I don't know the arrival time
        </option>
        <option value="06">
          6:00 AM
        </option>
        <option value="07">
          7:00 AM
        </option>
        <option value="08">
          8:00 AM
        </option>
        <option value="09">
          9:00 AM
        </option>
        <option value="10">
          10:00 AM
        </option>
        <option value="11">
          11:00 AM
        </option>
        <option value="12">
          12:00 PM
        </option>
        <option value="13">
          1:00 PM
        </option>
        <option value="14">
          2:00 PM
        </option>
        <option value="15">
          3:00 PM
        </option>
        <option value="16">
          4:00 PM
        </option>
        <option value="17">
          5:00 PM
        </option>
        <option value="18">
          6:00 PM
        </option>
        <option value="19">
          7:00 PM
        </option>
        <option value="20">
          8:00 PM
        </option>
        <option value="21">
          9:00 PM
        </option>
        <option value="22">
          10:00 PM
        </option>
        <option value="23">
          11:00 PM
        </option>
        <option value="0">
          12:00 AM
        </option>
        <option value="01">
          1:00 AM
        </option>
        <option value="02">
          2:00 AM
        </option>
        <option value="03">
          3:00 AM
        </option>
        <option value="04">
          4:00 AM
        </option>
        <option value="05">
          5:00 AM
        </option>
      </select><br />
      <input type="submit" name="FIND2" value="Find flight" />
    </form>
  </body>
</html>
