<?xml version="1.0"?>
<!DOCTYPE html PUBLIC "-//W3C//DTD XHTML 1.0 Transitional//EN"
"http://www.w3.org/TR/xhtml1/DTD/xhtml1-transitional.dtd">
<html xmlns="http://www.w3.org/1999/xhtml">
  <head>
    <title>Google Sets</title>
  </head>
  <body>
    <p>Enter a few items from a set of things.</p>
    <FORM action="http://labs.google.com/sets">
      <INPUT type="hidden" value="en" name="hl" />
      <ul>
        <LI>
          <INPUT name="q1" />
        </LI>
        <LI>
          <INPUT name="q2" />
        </LI>
        <LI>
          <INPUT name="q3" />
        </LI>
        <LI>
          <INPUT name="q4" />
        </LI>
        <LI>
          <INPUT name="q5" />
        </LI>
        <li>
          <INPUT type="submit" value="Large Set" name="btn" />
        </li>
        <li>
          <INPUT type="submit"
          value="Small Set (15 items or fewer)" name="btn" />
        </li>
      </ul>
    </FORM>
  </body>
</html>

