<?xml version="1.0"?>
<!DOCTYPE html PUBLIC "-//W3C//DTD XHTML 1.0 Transitional//EN" "http://www.w3.org/TR/xhtml1/DTD/xhtml1-transitional.dtd">
<html xmlns="http://www.w3.org/1999/xhtml">
  <head>
    <title>Advanced Google Search</title>
  </head>
  <body>
    <form method="GET" action="http://www.google.com/search">
      <table>
        <tr>
          <td>
            <label for="1">all words</label>
          </td>
          <td>
            <input id="1" type="text" name="as_q"/>
          </td>
        </tr>
        <tr>
          <td>
            <label for="2">exactSearch</label>
          </td>
          <td>
            <input id="2" type="text" name="as_epq"/>
          </td>
        </tr>
        <tr>
          <td>
            <label for="3">Partial match</label>
          </td>
          <td>
            <input id="3" type="text" name="as_oq"/>
          </td>
        </tr>
        <tr>
          <td>
            <label for="4">Not containing</label>
          </td>
          <td>
            <input id="4" type="text" name="as_eq"/>
          </td>
        </tr>
        <tr>
          <td>
            <label for="5">Language</label>
          </td>
          <td>
            <select id="5" name="lr">
              <option>any language</option>
              <option value="lang_ar">Arabic</option>
              <option value="lang_zh-CN">Chinese(Simplified)</option>
              <option value="lang_zh-TW">Chinese(Traditional)</option>
              <option value="lang_cs">Czech</option>
              <option value="lang_da">Danish</option>
              <option value="lang_nl">Dutch</option>
              <option value="lang_en">English</option>
              <option value="lang_et">Estonian</option>
              <option value="lang_fi">Finnish</option>
              <option value="lang_fr">French</option>
              <option value="lang_de">German</option>
              <option value="lang_el">Greek</option>
              <option value="lang_iw">Hebrew</option>
              <option value="lang_hu">Hungarian</option>
              <option value="lang_is">Icelandic</option>
              <option value="lang_it">Italian</option>
              <option value="lang_ja">Japanese</option>
              <option value="lang_ko">Korean</option>
              <option value="lang_lv">Latvian</option>
              <option value="lang_lt">Lithuanian</option>
              <option value="lang_no">Norwegian</option>
              <option value="lang_pl">Polish</option>
              <option value="lang_pt">Portuguese</option>
              <option value="lang_ro">Romanian</option>
              <option value="lang_ru">Russian</option>
              <option value="lang_es">Spanish</option>
              <option value="lang_sv">Swedish</option>
              <option value="lang_tr">Turkish</option>
            </select>
          </td>
        </tr>
        <tr>
          <td>
            <label for="6">Newer than</label>
          </td>
          <td>
            <select id="6" name="as_qdr">
              <option value="all">anytime</option>
              <option value="m3">past 3 months</option>
              <option value="m6">past 6 months</option>
              <option value="y1">past year</option>
            </select>
          </td>
        </tr>
        <tr>
          <td>
            <label for="7">Match in</label>
          </td>
          <td>
            <select id="7" name="as_occt">
              <option value="any" selected="selected">anywhere in the
              page</option>
              <option value="title">in the title of the page</option>
              <option value="body">in the text of the page</option>
              <option value="url">in the url of the page</option>
              <option value="links">in links to the page</option>
            </select>
          </td>
        </tr>
        <tr>
          <td>
            <label for="site">Site Search</label>
            <select id="site" name="as_dt">
              <option value="i">Only</option>
              <option value="e">Don't</option>
            </select>
            <label for="8">look in domain</label>
          </td>
          <td>
            <input id="8" name="as_sitesearch"/>
          </td>
        </tr>
        <tr>
          <td>
            <select id="as_ft" name="as_ft">
              <option value="i" selected="selected">Only</option>
              <option value="e">Don't</option>
            </select>
            <label for="as_ft">return results of the file format</label>
          </td>
          <td>
            <select name="as_filetype">
              <option value="" selected="selected">any format</option>
              <option value="pdf">Adobe Acrobat PDF (.pdf)</option>
              <option value="ps">Adobe Postscript (.ps)</option>
              <option value="doc">Microsoft Word (.doc)</option>
              <option value="xls">Microsoft Excel (.xls)</option>
              <option value="ppt">Microsoft Powerpoint (.ppt)</option>
              <option value="rtf">Rich Text Format (.rtf)</option>
            </select>
          </td>
        </tr>
        <tr>
          <td>Filters</td>
          <td>
            <input id="9" type="radio" checked="checked" value="off" name="safe"/>
            <label for="9">No filtering</label>
            <input id="10" type="radio" value="active" name="safe"/>
            <label for="10">Safe</label>
          </td>
        </tr>
        <tr>
          <td>
            <select id="11" name="num">
              <option value="10" selected="selected">10 results</option>
              <option value="20">20 results</option>
              <option value="30">30 results</option>
              <option value="50">50 results</option>
              <option value="100">100 results</option>
            </select>
            <input type="submit" name="btnG" value="Google Search"/>
          </td>
        </tr>
      </table>
    </form>
  </body>
</html>
