<?xml version="1.0"?>
<!--$Id: npr-search.xml 3902 2006-05-03 02:54:05Z raman $-->
<!DOCTYPE html PUBLIC "-//W3C//DTD XHTML 1.0 Transitional//EN" "http://www.w3.org/TR/xhtml1/DTD/xhtml1-transitional.dtd">
<html xmlns="http://www.w3.org/1999/xhtml">
  <head>
    <title>Find NPR Programs</title>
  </head>
  <body>
    <p>
      <form method="POST" action="http://search1.npr.org/search97cgi/s97_cgi" name="search">
        <input type="hidden" name="ResultTemplate" value="simple_date.hts"/>
        <input type="hidden" name="SortSpec" value="Date Desc Score Desc"/>
        <input type="hidden" name="ViewTemplate" value="docview.hts"/>
        <input type="hidden" name="collection" value="zeus"/>
        <input type="hidden" name="collection" value="C1"/>
        <input type="hidden" name="collection" value="WEB"/>
        <input type="hidden" name="Action" value="FilterSearch"/>
        <input type="hidden" name="filter" value="topic_filter.hts"/>
        <label for="q">Enter query </label>
        <input size="18" name="QueryText" id="q"/>
        <input type="submit" value="Search"/>
      </form>
    </p>
    <h2>Finding NPR Programs Made Easy </h2>
    <ul>
      <li>
        <a HREF="http://www.npr.org/about/programs/a_to_z.html">
          Listed from A to Z
        </a>
      </li>
      <li>
        <a HREF="http://www.npr.org/about/programs/news.html">
          News shows
        </a>
      </li>
      <li>
        <a HREF="http://www.npr.org/about/programs/music.html">
          Music shows
        </a>
      </li>
      <li>
        <a HREF="http://www.npr.org/about/programs/info.html">
          Information shows
        </a>
      </li>
      <li>
        <a HREF="http://www.npr.org/about/programs/entertainment.html">
          Entertainment shows
        </a>
      </li>
      <li>
        <a HREF="http://www.npr.org/about/programs/talk.html">
          Talk shows
        </a>
      </li>
      <li>
        <a HREF="http://www.npr.org/about/programs/specials.html">
          Specials
        </a>
      </li>
    </ul>
  </body>
</html>
