<?xml version="1.0"?>
<!DOCTYPE html PUBLIC "-//W3C//DTD XHTML 1.0 Transitional//EN"
"http://www.w3.org/TR/xhtml1/DTD/xhtml1-transitional.dtd">
<html xmlns="http://www.w3.org/1999/xhtml">
  <head>
    <meta name="generator"
    content="HTML Tidy for Linux/x86 (vers 1st October 2002), see www.w3.org" />
    <base href="http://www.syndic8.com/" />
    <title>Search Syndic8 For RSS Feeds</title>
  </head>
  <body>
    <h1>Search Syndic8 For RSS Feeds</h1>
    <form method="get" action="feedlist.php">
      <input type="hidden" name="PHPSESSID"
      value="7cacbca1338cf0c78a76255670757087" />Search for
      feed:<input type="text" size="32" maxlength="128"
      name="ShowMatch" class="text" /><input type="submit"
      value="Search" /><input type="hidden" name="ShowStatus"
      value="all" />
    </form>
  </body>
</html>
