<?xml version="1.0" encoding="utf-8"?>
<!DOCTYPE html PUBLIC "-//W3C//DTD XHTML 1.0 Transitional//EN"
    "http://www.w3.org/TR/xhtml1/DTD/xhtml1-transitional.dtd">
<html xmlns="http://www.w3.org/1999/xhtml">
  <head>
    <meta name="generator"
    content="HTML Tidy for Linux/x86 (vers 1st October 2002), see www.w3.org" />
    <title>Translation Via Google</title>
  </head>
  <body>
    <form action="http://translate.google.com/translate_t"
    method="post">
      <p>Translate text:<br />
       <textarea name="text" rows="5" cols="45">
                          
                     
             
      </textarea><br />
       from<select name="langpair">
        <option value="en|de">
          English to German
        </option>
        <option value="en|es">
          English to Spanish
        </option>
        <option value="en|fr">
          English to French
        </option>
        <option value="en|it">
          English to Italian
        </option>
        <option value="en|pt">
          English to Portuguese
        </option>
        <option value="de|en" selected="selected">
          German to English
        </option>
        <option value="de|fr">
          German to French
        </option>
        <option value="es|en">
          Spanish to English
        </option>
        <option value="fr|en">
          French to English
        </option>
        <option value="fr|de">
          French to German
        </option>
        <option value="it|en">
          Italian to English
        </option>
        <option value="pt|en">
          Portuguese to English
        </option>
      </select><input type="hidden" name="hl" value="en" /><input
      type="hidden" name="ie" value="ISO-8859-1" /><input
      type="submit" value="Translate" /></p>
    </form>
    <br />
     
    <form action="http://translate.google.com/translate">
      <p>Translate a web page:<br />
       <input type="text" name="u" 
      size="55" /><br />
       from<select name="langpair">
        <option value="en|de">
          English to German
        </option>
        <option value="en|es">
          English to Spanish
        </option>
        <option value="en|fr">
          English to French
        </option>
        <option value="en|it">
          English to Italian
        </option>
        <option value="en|pt">
          English to Portuguese
        </option>
        <option value="de|en" selected="selected">
          German to English
        </option>
        <option value="de|fr">
          German to French
        </option>
        <option value="es|en">
          Spanish to English
        </option>
        <option value="fr|en">
          French to English
        </option>
        <option value="fr|de">
          French to German
        </option>
        <option value="it|en">
          Italian to English
        </option>
        <option value="pt|en">
          Portuguese to English
        </option>
      </select><input type="hidden" name="hl" value="en" /><input
      type="hidden" name="ie" value="ISO-8859-1" /><input
      type="hidden" name="prev" value="/language_tools" /><input
      type="submit" value="Translate" /></p>
    </form>
  </body>
</html>
