<?xml version="1.0"?>
<!DOCTYPE html PUBLIC "-//W3C//DTD XHTML 1.0 Transitional//EN" "http://www.w3.org/TR/xhtml1/DTD/xhtml1-transitional.dtd">
<html xmlns="http://www.w3.org/1999/xhtml">
  <head>
    <title>W3C Site Search</title>
  </head>
  <body>
    <h1>W3C Site Search</h1>
    <form method="get" action="http://www.google.com/custom">
      <p>
        <input type="text" size="15" name="q" maxlength="255" value=""/>
        <input type="submit" value="Go" name="sa"/>
        <br/>
        <input type="radio" name="sitesearch" checked="checked"
        value="w3.org"/>Search w3.org<br/><input type="hidden"
        name="domains" value="w3.org"/><input type="radio"
      name="sitesearch" value=""/>Search WWW</p>
      <input type="hidden" name="cof"
      value="T:black;LW:72;ALC:#ff3300;L:http://www.w3.org/Icons/w3c_home;LC:#000099;LH:48;BGC:white;AH:left;VLC:#660066;GL:0;AWFID:0b9847e42caf283e;"/>
    </form>
  </body>
</html>
