<?xml version="1.0" encoding="UTF-8"?>
<list id="3004" typeid="3004">
  <title>All Programs</title>
  <item id="2" num="1" type="program">
    <title>All Things Considered</title>
    <additionalInfo>Every weekday, All Things Considered hosts Robert Siegel, Melissa Block and Audie Cornish present the program's trademark mix of news, interviews, commentaries, reviews, and offbeat features.</additionalInfo>
  </item>
  <item id="58" num="2" type="program">
    <title>Ask Me Another</title>
    <additionalInfo>NPR's exciting new show featuring puzzles, word games and trivia played in front of a live audience.</additionalInfo>
  </item>
  <item id="17" num="3" type="program">
    <title>Day to Day</title>
    <additionalInfo>Whether you're running errands, working or eating lunch, Day to Day keeps you up-to-date with major news stories and piques your interest with intriguing features.</additionalInfo>
  </item>
  <item id="13" num="4" type="program">
    <title>Fresh Air</title>
    <additionalInfo>This one-hour program features Terry Gross' in-depth interviews with prominent cultural and entertainment figures, as well as distinguished experts on current affairs and news.</additionalInfo>
  </item>
  <item id="60" num="5" type="program">
    <title>Here &amp; Now</title>
    <additionalInfo>A live production of NPR and WBUR Boston, in collaboration with public radio stations across the country, &lt;em&gt;Here &amp; Now&lt;/em&gt; reflects the fluid world of news as it's happening in the middle of the day, with timely, smart and in-depth news, interviews and conversation.</additionalInfo>
  </item>
  <item id="22" num="6" type="program">
    <title>Latino USA</title>
    <additionalInfo>Latino USA</additionalInfo>
  </item>
  <item id="3" num="7" type="program">
    <title>Morning Edition</title>
    <additionalInfo>Morning Edition gives its audience news, analysis, commentary, and coverage of arts and sports. Stories are told through conversation as well as full reports. It's up-to-the-minute news that prepares listeners for the day ahead.</additionalInfo>
  </item>
  <item id="62" num="8" type="program">
    <title>Snap Judgment</title>
    <additionalInfo>Snap Judgment, the smoking-hot new public radio show, straps audiences into an audio rollercoaster.</additionalInfo>
  </item>
  <item id="57" num="9" type="program">
    <title>TED Radio Hour</title>
    <additionalInfo>A journey through fascinating ideas, astonishing inventions, and new ways to think and create. Based on riveting TEDTalks from the world's most remarkable minds.</additionalInfo>
  </item>
  <item id="35" num="10" type="program">
    <title>Wait Wait...Don't Tell Me!</title>
    <additionalInfo>Peter Sagal and Carl Kasell host the weekly NPR News quiz show alongside some of the best and brightest news and entertainment personalities.</additionalInfo>
  </item>
  <item id="7" num="11" type="program">
    <title>Weekend Edition Saturday</title>
    <additionalInfo>From civil wars in Bosnia and El Salvador, to hospital rooms, police stations, and America's backyards, National Public Radio's Peabody Award-winning correspondent Scott Simon brings a well-traveled perspective to his role as host of Weekend Edition Saturday.</additionalInfo>
  </item>
  <item id="10" num="12" type="program">
    <title>Weekend Edition Sunday</title>
    <additionalInfo>&lt;em&gt;Weekend Edition Sunday&lt;/em&gt; premiered on Jan. 18, 1987. Since then, Weekend Edition Sunday has covered newsmakers and artists, scientists and politicans, music makers of all kinds, writers, thinkers, theologians and all manner of news events. Originally hosted by Susan Stamberg, the show was anchored by Liane Hansen for 22 years.</additionalInfo>
  </item>
</list>
